cluster,services_value_added_per_worker_constant_2015_usd
1,8.241925455961285
2,10.381714641219869
3,9.542672626644165
4,11.304754946434134
