cluster,services_value_added_per_worker_constant_2015_usd
1,7.281718222929297
2,8.890933177962093
3,8.27268366508813
4,9.553025924117764
