scope,cluster,n_countries,rotation,mean_primary_abs_loading,mean_cross_loading_gap,simple_feature_share,covariance_reconstruction_rmse,warning
global,all,217,varimax,0.4048064871098706,0.2902766121995282,0.37209302325581395,0.12228385924874888,
cluster,1,46,varimax,0.3686011540994503,0.22250643014557406,0.16279069767441862,0.14741299849151862,small sample for EFA; prefer at least 215 rows
cluster,2,34,varimax,0.4866175552286233,0.3508565665362907,0.4418604651162791,0.15356019163974183,small sample for EFA; prefer at least 215 rows
cluster,3,108,varimax,0.4466529255679006,0.3785685621302849,0.3953488372093023,0.12515972170122605,small sample for EFA; prefer at least 215 rows
cluster,4,29,varimax,0.4014828080960285,0.27402939244845764,0.37209302325581395,0.17313574146966632,small sample for EFA; prefer at least 215 rows
within_clusters_weighted_mean,all,217,varimax,0.4303325684906267,0.3271736227650061,0.35023041474654376,0.14073839121066276,weighted summary of cluster-specific EFAs
