scope,cluster,n_countries,rotation,mean_primary_abs_loading,mean_cross_loading_gap,simple_feature_share,covariance_reconstruction_rmse,warning
global,all,217,varimax,0.4364544999496319,0.39878912738192196,0.3793103448275862,0.11107069139030275,small sample for EFA; prefer at least 290 rows
cluster,1,46,varimax,0.42902417670779575,0.33382658741716975,0.39655172413793105,0.14663927591491302,small sample for EFA; prefer at least 290 rows
cluster,2,34,varimax,0.5037684284539838,0.4313009434250604,0.4482758620689655,0.16055191430356147,small sample for EFA; prefer at least 290 rows
cluster,3,108,varimax,0.4319533607105081,0.3694758724566011,0.39655172413793105,0.1224441160870848,small sample for EFA; prefer at least 290 rows
cluster,4,29,varimax,0.45554177908745974,0.37788980258569066,0.43103448275862066,0.16394516549879046,small sample for EFA; prefer at least 290 rows
within_clusters_weighted_mean,all,217,varimax,0.44573692740214405,0.372730200912165,0.4092642618782775,0.13909007426395012,weighted summary of cluster-specific EFAs
